Category,Course
Area B,CHIN 3
Area B,CHIN 3NH
Area B,CHIN 4
Area B,CHIN 4NH
Area B,CHIN 5
Area B,CHIN 5NH
Area B,CHIN 6
Area B,FR 3
Area B,FR 4
Area B,FR 5
Area B,FR 6
Area B,FR 6GS
Area B,GER 3
Area B,GER 4
Area B,GER 5
Area B,GER 6
Area B,GER 95B
Area B,GER 95C
Area B,GLOBL 60C
Area B,GLOBL 60D
Area B,GLOBL 60E
Area B,GLOBL 60F
Area B,GREEK 3
Area B,HEB 3
Area B,HEB 4
Area B,HEB 5
Area B,HEB 6
Area B,ITAL 3
Area B,ITAL 4
Area B,ITAL 5
Area B,ITAL 6
Area B,JAPAN 3
Area B,JAPAN 4
Area B,JAPAN 5
Area B,JAPAN 6
Area B,JAPANW 5
Area B,JAPANW 6
Area B,KOR 3
Area B,KOR 4
Area B,KOR 5
Area B,KOR 6
Area B,LATIN 3
Area B,PORT 3
Area B,PORT 4
Area B,PORT 5
Area B,PORT 6
Area B,PORT 16B
Area B,RG ST 10C
Area B,RG ST 10D
Area B,RG ST 10E
Area B,RG ST 10F
Area B,RG ST 11C
Area B,RG ST 11D
Area B,RG ST 11E
Area B,RG ST 11F
Area B,RG ST 17C
Area B,RG ST 30C
Area B,RG ST 30D
Area B,RG ST 30E
Area B,RG ST 30F
Area B,RG ST 57C
Area B,RG ST 57D
Area B,RG ST 57E
Area B,RG ST 57F
Area B,RG ST 58C
Area B,RG ST 58D
Area B,RG ST 60C
Area B,RG ST 60D
Area B,RG ST 60E
Area B,RG ST 60F
Area B,RG ST 65C
Area B,RG ST 65D
Area B,RG ST 65E
Area B,RG ST 65F
Area B,RG ST 157A
Area B,RG ST 157B
Area B,RG ST 157C
Area B,RG ST 158E
Area B,RG ST 159C
Area B,RUSS 3
Area B,RUSS 4
Area B,RUSS 5
Area B,RUSS 6
Area B,SPAN 3
Area B,SPAN 3HY
Area B,SPAN 4
Area B,SPAN 5
Area B,SPAN 6
Area B,SPAN 16A
Area B,SPAN 16B
Area B,SPAN W 3
Area C,ANTH 5
Area C,ASTRO 1
Area C,ASTRO 2
Area C,ASTROW 1
Area C,C LIT 27
Area C,CHEM 1A
Area C,CHEM 1AL
Area C,CHEM 2A
Area C,CHEM 2AC
Area C,CHEM 3A
Area C,CHEM 25
Area C,CMPSC 4
Area C,CMPSC 5A
Area C,CMPSC 5B
Area C,CMPSC 8
Area C,CMPSCW 8
Area C,COMM 87
Area C,EARTH 1
Area C,EARTH 2
Area C,EARTH 4
Area C,EARTH 6
Area C,EARTH 7
Area C,EARTH 8
Area C,EARTH 9
Area C,EARTH 10
Area C,EARTH 11
Area C,EARTH 20
Area C,EARTH 30
Area C,EARTH 111
Area C,EARTH 123
Area C,EARTH 130
Area C,EARTH 161
Area C,EARTHW 20
Area C,EEMB 3
Area C,EEMB 21
Area C,EEMB 22
Area C,EEMB 23
Area C,EEMB 40
Area C,EEMB 50
Area C,EEMB 136
Area C,EEMB W 22
Area C,ENV S 2
Area C,ENV S 115
Area C,FR 40X
Area C,GEOG 3
Area C,GEOG 4
Area C,GEOG 8
Area C,GEOG 12
Area C,GEOG W 8
Area C,GEOG W 12
Area C,INT 35HD
Area C,LING 15
Area C,LING 106
Area C,LING 185
Area C,MATH 2A
Area C,MATH 2B
Area C,MATH 3A
Area C,MATH 3B
Area C,MATH 34A
Area C,MATH 34B
Area C,MATRL 10
Area C,MCDB 1A
Area C,MCDB 20
Area C,MCDB 21
Area C,MCDB 23
Area C,MCDB 24
Area C,MCDB 26
Area C,MCDB 28
Area C,MCDB 29
Area C,PHIL 183
Area C,PHYS 1
Area C,PHYS 6A
Area C,PHYS 6AL
Area C,PHYS 6B
Area C,PHYS 6BL
Area C,PHYS 6C
Area C,PHYS 6CL
Area C,PHYS 10
Area C,PHYS 21
Area C,PSTAT 5A
Area C,PSTAT 5LS
Area C,PSY 106
Area C,PSY 108
Area C,PSY 129
Area C,SHS 121
Area D,ANTH 2
Area D,ANTH 3
Area D,ANTH 3SS
Area D,ANTH 7
Area D,ANTH 25
Area D,ANTH 109
Area D,ANTH 110
Area D,ANTH 131
Area D,ANTH 134
Area D,ANTH 135
Area D,ANTH 137
Area D,ANTH 141
Area D,ANTH 142
Area D,ANTH 156
Area D,ANTH 176
Area D,AS AM 1
Area D,AS AM 2
Area D,AS AM 3
Area D,AS AM 7
Area D,AS AM 8
Area D,AS AM 9
Area D,AS AM 100AA
Area D,AS AM 100BB
Area D,AS AM 100FF
Area D,AS AM 107
Area D,AS AM 111
Area D,AS AM 119
Area D,AS AM 130
Area D,AS AM 131
Area D,AS AM 136
Area D,AS AM 137
Area D,AS AM 154
Area D,AS AM 155
Area D,AS AM 156
Area D,AS AM 157
Area D,AS AM 165
Area D,AS AMW 1
Area D,BL ST 1
Area D,BL ST 1H
Area D,BL ST 4
Area D,BL ST 6
Area D,BL ST 6H
Area D,BL ST 15
Area D,BL ST 100
Area D,BL ST 102
Area D,BL ST 103
Area D,BL ST 122
Area D,BL ST 124
Area D,BL ST 125
Area D,BL ST 129
Area D,BL ST 131
Area D,BL ST 160
Area D,BL ST 169BR
Area D,BL ST 169CR
Area D,BL ST 171
Area D,BL ST 174
Area D,C LIT 119
Area D,C LIT 186FL
Area D,C LIT 186IR
Area D,CH ST 1A
Area D,CH ST 1B
Area D,CH ST 1C
Area D,CH ST 114
Area D,CH ST 124G
Area D,CH ST 137
Area D,CH ST 140
Area D,CH ST 144
Area D,CH ST 151
Area D,CH ST 168A
Area D,CH ST 168B
Area D,CH ST 172
Area D,CH ST 173
Area D,CH ST 174
Area D,CH ST 175
Area D,CH ST 176
Area D,CH ST 178A
Area D,CH ST 179
Area D,CH ST 187
Area D,CH STW 1B
Area D,COMM 1
Area D,EACS 40
Area D,EACS 103A
Area D,EACS 103B
Area D,EACS 103C
Area D,EACS 140
Area D,EACS 156A
Area D,ECON 1
Area D,ECON 2
Area D,ECON 9
Area D,ENV S 1
Area D,ENV S 130A
Area D,ENV S 130B
Area D,ENV S 132
Area D,FEMST 20
Area D,FEMST 20H
Area D,FEMST 30
Area D,FEMST 30H
Area D,FEMST 50
Area D,FEMST 50H
Area D,FEMST 60
Area D,FEMST 60H
Area D,FEMST 117C
Area D,FEMST 153
Area D,FEMST 159B
Area D,FEMST 159C
Area D,FEMSTW 20
Area D,FR 111
Area D,FR 151G
Area D,FR 154L
Area D,GEOG 2
Area D,GEOG 5
Area D,GEOG 6
Area D,GEOG 20
Area D,GEOG 108
Area D,GEOG 150
Area D,GLOBL 2
Area D,HIST 5
Area D,HIST 7
Area D,HIST 11A
Area D,HIST 17A
Area D,HIST 17AH
Area D,HIST 17B
Area D,HIST 17BH
Area D,HIST 17C
Area D,HIST 17CH
Area D,HIST 25
Area D,HIST 74
Area D,HIST 105A
Area D,HIST 117A
Area D,HIST 117C
Area D,HIST 144C
Area D,HIST 144J
Area D,HIST 159B
Area D,HIST 159C
Area D,HIST 161A
Area D,HIST 161B
Area D,Course &
Area D,HIST 167CA
Area D,HIST 167CB
Area D,HIST 168A
Area D,HIST 168B
Area D,HIST 172A
Area D,HIST 172B
Area D,HIST 175A
Area D,HIST 175B
Area D,HIST 188S
Area D,HIST W 17B
Area D,INT 133C
Area D,ITAL 161X
Area D,JAPAN 25
Area D,JAPAN 63
Area D,JAPAN 162
Area D,LING 20
Area D,LING 36
Area D,LING 70
Area D,LING 130
Area D,LING 132
Area D,LING 136
Area D,LING 170
Area D,LING 180
Area D,LING 187
Area D,MS 27
Area D,MUS 175E
Area D,MUS 175F
Area D,MUS 175G
Area D,MUS 175I
Area D,POL S 12
Area D,POL S 121
Area D,POL S 145
Area D,POL S 150A
Area D,POL S 151
Area D,POL S 155
Area D,POL SW 121
Area D,PSY 1
Area D,PSY 102
Area D,PSY 105
Area D,PSY 159
Area D,PSY 183
Area D,PSY W 1
Area D,RG ST 7
Area D,RG ST 14
Area D,RG ST 35
Area D,RG ST 115A
Area D,RG ST 124G
Area D,RG ST 131H
Area D,RG ST 140B
Area D,RG ST 141A
Area D,RG ST 147
Area D,RG ST 151A
Area D,RG ST 151B
Area D,RG ST 152
Area D,RG ST 156A
Area D,SLAV 152A
Area D,SLAV 152B
Area D,SLAV 152C
Area D,SOC 1
Area D,SOC 131
Area D,SOC 134
Area D,SOC 144
Area D,SOC 152A
Area D,SOC 153
Area D,SPAN 124
Area D,SPAN 124E
Area D,SPAN 178
Area E,ANTH 138TS
Area E,ANTH 176
Area E,ANTH 176TS
Area E,ARTHI 6A
Area E,ARTHI 6B
Area E,ARTHI 6C
Area E,ARTHI 6DL
Area E,ARTHI 6L
Area E,ARTHI 6M
Area E,ARTHI 115E
Area E,ARTHI 136I
Area E,ARTHI 144D
Area E,ARTHI 148A
Area E,ARTHI 148B
Area E,ARTHIW 6R
Area E,AS AM 71
Area E,AS AM 138
Area E,AS AM 161
Area E,BL ST 3
Area E,BL ST 5
Area E,BL ST 7
Area E,BL ST 49A
Area E,BL ST 49B
Area E,BL ST 49C
Area E,BL ST 50
Area E,BL ST 104
Area E,BL ST 130A
Area E,BL ST 130B
Area E,C LIT 27
Area E,C LIT 28
Area E,C LIT 30A
Area E,C LIT 30B
Area E,C LIT 30C
Area E,C LIT 35
Area E,C LIT 43A
Area E,C LIT 50
Area E,C LIT 50A
Area E,C LIT 50B
Area E,C LIT 50C
Area E,C LIT 82
Area E,C LIT 101
Area E,C LIT 113
Area E,C LIT 119
Area E,C LIT 122A
Area E,C LIT 134
Area E,C LIT 152
Area E,C LIT 154I
Area E,C LIT 155
Area E,C LIT 171
Area E,C LIT 179A
Area E,C LIT 181A
Area E,C LIT 181B
Area E,C LIT 183
Area E,C LIT 185
Area E,C LIT 186RR
Area E,C LIT 190A
Area E,CH ST 13
Area E,CH ST 113
Area E,CHIN 32
Area E,CHIN 48
Area E,CHIN 82
Area E,CHIN 148
Area E,CHIN 183B
Area E,CHIN 185A
Area E,CHIN 185B
Area E,CLASS 20B
Area E,CLASS 50
Area E,CLASS 101
Area E,CLASS 106
Area E,CLASS 140
Area E,CLASS 150
Area E,CLASS 151
Area E,CLASS 152
Area E,CLASS 171
Area E,EACS 3
Area E,EACS 4A
Area E,EACS 4B
Area E,EACS 5
Area E,EACS 7
Area E,EACS 21
Area E,EACS 80
Area E,EACS 128
Area E,ENGL 22
Area E,ENGL 23
Area E,ENGL 24
Area E,ENGL 34NA
Area E,ENGL 37
Area E,ENGL 39
Area E,ENGL 141MC
Area E,ENGL 171LE
Area E,ENGL 171NH
Area E,ENV S 3
Area E,FEMST 171CN
Area E,FR 40X
Area E,FR 50AX
Area E,FR 50BX
Area E,FR 50CX
Area E,FR 149C
Area E,FR 154F
Area E,FR 154G
Area E,FR 154I
Area E,FR 155D
Area E,GER 35
Area E,GER 43A
Area E,GER 43C
Area E,GER 109AA
Area E,GER 109MA
Area E,GER 111
Area E,GER 112
Area E,GER 116A
Area E,GER 152
Area E,GER 155
Area E,GER 164H
Area E,GER 177A
Area E,GER 179A
Area E,GER 185
Area E,GLOBL 1
Area E,HIST 2A
Area E,HIST 2AH
Area E,HIST 2B
Area E,HIST 2BH
Area E,HIST 2C
Area E,HIST 2CH
Area E,HIST 4A
Area E,HIST 4AH
Area E,HIST 4B
Area E,HIST 4BH
Area E,HIST 4C
Area E,HIST 4CH
Area E,HIST 8
Area E,HIST 20
Area E,HIST 22
Area E,HIST 28
Area E,HIST 46A
Area E,HIST 46B
Area E,HIST 49A
Area E,HIST 49B
Area E,HIST 49C
Area E,HIST 74
Area E,HIST 80
Area E,HIST 87
Area E,HIST 88
Area E,HIST 104G
Area E,HIST 106A
Area E,HIST 106B
Area E,HIST 106C
Area E,HIST 107C
Area E,HIST 114B
Area E,HIST 114C
Area E,HIST 121A
Area E,HIST 133B 20TH
Area E,HIST 133C 20TH
Area E,HIST 133D
Area E,HIST 140A
Area E,HIST 140B
Area E,HIST 164C
Area E,HIST 171C
Area E,HIST 171D
Area E,HIST 182A
Area E,HIST 182B
Area E,HIST 184A
Area E,HIST 184B
Area E,HIST 185A
Area E,HIST 185B
Area E,HIST 187A
Area E,HIST 187B
Area E,HIST 187C
Area E,HIST 188S
Area E,HIST 189E
Area E,HIST W 80
Area E,HIST W 121A
Area E,INT 35HD
Area E,INT 37UD
Area E,INT 133C
Area E,ITAL 20X
Area E,ITAL 120X
Area E,ITAL 138A
Area E,ITAL 138AA
Area E,ITAL 138D
Area E,ITAL 138F
Area E,ITAL 138N
Area E,ITAL 138T
Area E,ITAL 139CX
Area E,ITAL 139DX
Area E,ITAL 139EX
Area E,ITAL 139FX
Area E,ITAL 139GX
Area E,ITAL 139HX
Area E,ITAL 139IX
Area E,ITAL 139TX
Area E,ITAL 139YX
Area E,ITAL 139ZX
Area E,ITAL 189X
Area E,JAPAN 162
Area E,JAPAN 164
Area E,JAPAN 165
Area E,KOR 182A
Area E,KOR 182B
Area E,LAIS 101
Area E,LAIS 101S
Area E,LING 15
Area E,LING 30
Area E,LING 36
Area E,LING 50
Area E,LING 80
Area E,MES 45
Area E,PHIL 1
Area E,PHIL 3
Area E,PHIL 4
Area E,PHIL 20A
Area E,PHIL 20B
Area E,PHIL 20C
Area E,PHIL 100A
Area E,PHIL 100B
Area E,PHIL 100C
Area E,PHIL 100D
Area E,PHIL 100E
Area E,PHIL 100F
Area E,PHIL 112
Area E,PORT 125A
Area E,PORT 125B
Area E,RG ST 1
Area E,RG ST 3
Area E,RG ST 4
Area E,RG ST 5
Area E,RG ST 6
Area E,RG ST 12
Area E,RG ST 18
Area E,RG ST 19
Area E,RG ST 20
Area E,RG ST 21
Area E,RG ST 25
Area E,RG ST 28
Area E,RG ST 30
Area E,RG ST 31
Area E,RG ST 32
Area E,RG ST 37
Area E,RG ST 48
Area E,RG ST 61
Area E,RG ST 62
Area E,RG ST 71
Area E,RG ST 80A
Area E,RG ST 80B
Area E,RG ST 80C
Area E,RG ST 82
Area E,RG ST 101
Area E,RG ST 115G
Area E,RG ST 116A
Area E,RG ST 119F
Area E,RG ST 123
Area E,RG ST 126
Area E,RG ST 128
Area E,RG ST 130
Area E,RG ST 133C
Area E,RG ST 138B
Area E,RG ST 141
Area E,RG ST 144
Area E,RG ST 149H
Area E,RG ST 157I
Area E,RG ST 183B
Area E,RG ST 185
Area E,SLAV 33
Area E,SLAV 130D
Area E,SLAV 181A
Area E,SLAV 181B
Area E,SPAN 107
Area E,SPAN 153
Area E,SPAN 153E
Area E,SPAN 177
Area F,ART 1A
Area F,ART 7A
Area F,ART 106W
Area F,ART 125
Area F,ARTHI 1
Area F,ARTHI 5A
Area F,ARTHI 5B
Area F,ARTHI 6A
Area F,ARTHI 6B
Area F,ARTHI 6C
Area F,ARTHI 6DL
Area F,ARTHI 6DS
Area F,ARTHI 6DW
Area F,ARTHI 6E
Area F,ARTHI 6F
Area F,ARTHI 6G
Area F,ARTHI 6H
Area F,ARTHI 6J
Area F,ARTHI 6K
Area F,ARTHI 6L
Area F,ARTHI 6M
Area F,ARTHI 103A
Area F,ARTHI 103B
Area F,ARTHI 103C
Area F,ARTHI 105C
Area F,ARTHI 105E
Area F,ARTHI 105G
Area F,ARTHI 105L
Area F,ARTHI 107A 15C
Area F,ARTHI 107B 16C
Area F,ARTHI 109A
Area F,ARTHI 109B
Area F,ARTHI 109C
Area F,ARTHI 109D
Area F,ARTHI 109E
Area F,ARTHI 109F
Area F,ARTHI 109G
Area F,ARTHI 111B
Area F,ARTHI 111C
Area F,ARTHI 111E
Area F,ARTHI 111F
Area F,ARTHI 113A 17C
Area F,ARTHI 113B 17C
Area F,ARTHI 113F
Area F,ARTHI 115B 18C:
Area F,ARTHI 115D 18C
Area F,ARTHI 117B 19C
Area F,ARTHI 117F
Area F,ARTHI 119B
Area F,ARTHI 119C 20C
Area F,ARTHI 119D
Area F,ARTHI 119E
Area F,ARTHI 119F
Area F,ARTHI 119G
Area F,ARTHI 121A
Area F,ARTHI 121B
Area F,ARTHI 121C
Area F,ARTHI 121D
Area F,ARTHI 121E 3-D
Area F,ARTHI 123D
Area F,ARTHI 123E
Area F,ARTHI 127A
Area F,ARTHI 127B
Area F,ARTHI 130A
Area F,ARTHI 130B
Area F,ARTHI 130C
Area F,ARTHI 130D
Area F,ARTHI 132A
Area F,ARTHI 132I
Area F,ARTHI 134A
Area F,ARTHI 134B
Area F,ARTHI 134C
Area F,ARTHI 134D
Area F,ARTHI 134E
Area F,ARTHI 134F
Area F,ARTHI 134G
Area F,ARTHI 134H
Area F,ARTHI 136A 19TH
Area F,ARTHI 136B 20TH
Area F,ARTHI 136C
Area F,ARTHI 136D
Area F,ARTHI 136H
Area F,ARTHI 136I
Area F,ARTHI 136J
Area F,ARTHI 136K 20TH
Area F,ARTHI 136L
Area F,ARTHI 136M
Area F,ARTHI 136O
Area F,ARTHI 136R
Area F,ARTHI 136V
Area F,ARTHI 136W
Area F,ARTHI 136Y
Area F,ARTHI 138B
Area F,ARTHI 138C
Area F,ARTHI 140E
Area F,ARTHI 141D
Area F,ARTHI 141G
Area F,ARTHI 144A
Area F,ARTHI 144C
Area F,ARTHI 144D
Area F,ARTHI 148A
Area F,ARTHI 148B
Area F,ARTHIW 6R
Area F,AS AM 4
Area F,AS AM 79
Area F,AS AM 118
Area F,AS AM 120
Area F,AS AM 127
Area F,AS AM 140
Area F,AS AM 146
Area F,AS AM 170KK
Area F,BL ST 14
Area F,BL ST 45
Area F,BL ST 142
Area F,BL ST 153
Area F,BL ST 161
Area F,BL ST 162
Area F,BL ST 170
Area F,BL ST 171
Area F,BL ST 172
Area F,BL ST 175
Area F,C LIT 184A
Area F,C LIT 186FF
Area F,CH ST 125B
Area F,CH ST 138
Area F,CH ST 148
Area F,CH ST 188C
Area F,CHIN 40
Area F,CHIN 134D
Area F,CHIN 170
Area F,CHIN 176
Area F,CLASS 102
Area F,CLASS 165
Area F,CLASS 170
Area F,DANCE 35
Area F,DANCE 36
Area F,DANCE 45
Area F,DANCE 145B
Area F,DANCEW 36
Area F,EACS 134A
Area F,ENGL 15SH
Area F,ENV S 136O
Area F,FAMST 46
Area F,FAMST 55BE
Area F,FAMST 55CY
Area F,FAMST 55DD
Area F,FAMST 55QM
Area F,FAMST 56FR
Area F,FAMST 56MR
Area F,FAMST 56ZM
Area F,FAMST 120
Area F,FAMST 121
Area F,FAMST 122AA
Area F,FAMST 122AC
Area F,FAMST 122AD
Area F,FAMST 122AE
Area F,FAMST 122AG
Area F,FAMST 122AR
Area F,FAMST 122AU
Area F,FAMST 122AZ
Area F,FAMST 122CA
Area F,FAMST 122CN
Area F,FAMST 122CU
Area F,FAMST 122EA
Area F,FAMST 122EC
Area F,FAMST 122EU
Area F,FAMST 122FF
Area F,FAMST 122FI
Area F,FAMST 122FL
Area F,FAMST 122FR
Area F,FAMST 122HE
Area F,FAMST 122HK
Area F,FAMST 122HU
Area F,FAMST 122IC
Area F,FAMST 122IM
Area F,FAMST 122IN
Area F,FAMST 122IT
Area F,FAMST 122JA
Area F,FAMST 122KO
Area F,FAMST 122MC
Area F,FAMST 122ME
Area F,FAMST 122NA
Area F,FAMST 122NG
Area F,FAMST 122NI
Area F,FAMST 122PC
Area F,FAMST 122RA
Area F,FAMST 122TH
Area F,FAMST 122TN
Area F,FAMST 122WN
Area F,FAMST 124
Area F,FAMST 124V
Area F,FAMST 126
Area F,FAMST 127
Area F,FAMST 127M
Area F,FAMST 134
Area F,FAMST 144
Area F,FAMST 163
Area F,FAMST 169
Area F,FAMST 175
Area F,FR 156A
Area F,FR 156C
Area F,FR 156D
Area F,GER 55A
Area F,GER 183
Area F,ITAL 124X
Area F,ITAL 179X
Area F,ITAL 180X
Area F,JAPAN 149
Area F,JAPAN 159
Area F,MUS 3B
Area F,MUS 11
Area F,MUS 15
Area F,MUS 16
Area F,MUS 17
Area F,MUS 113A
Area F,MUS 114
Area F,MUS 115
Area F,MUS 116
Area F,MUS 118A
Area F,MUS 119A
Area F,MUS 119B
Area F,RG ST 13
Area F,RG ST 133B
Area F,RG ST 157G
Area F,SLAV 130A
Area F,SLAV 130B
Area F,SLAV 130C
Area F,SLAV 130D
Area F,SLAV 130E
Area F,SPAN 126
Area F,SPAN 126E
Area F,SPAN 148B
Area F,THTR 2A
Area F,THTR 2B
Area F,THTR 2C
Area F,THTR 3
Area F,THTR 5
Area F,THTR 7
Area F,THTR 8
Area F,THTR 9
Area F,THTR 143
Area F,THTR 180A
Area F,THTR 180B
Area F,THTR 180C
Area F,THTR 180E
Area F,THTR 180G
Area F,THTR 181S
Area F,THTR 182A
Area F,THTR 182M
Area F,THTR 182MC
Area F,THTR 182N
Area F,THTR 182RM
Area F,THTR 184AA
Area F,THTR 184CA
Area F,THTR 188S
Area F,THTR W 2B
Area G,ART 179C
Area G,AS AM 5
Area G,AS AM 122
Area G,AS AM 128
Area G,BL ST 33
Area G,BL ST 38A
Area G,BL ST 38B
Area G,BL ST 126
Area G,BL ST 127
Area G,BL ST 130A
Area G,BL ST 130B
Area G,C LIT 29
Area G,C LIT 30A
Area G,C LIT 30B
Area G,C LIT 30C
Area G,C LIT 31
Area G,C LIT 32
Area G,C LIT 33
Area G,C LIT 34
Area G,C LIT 82
Area G,C LIT 100
Area G,C LIT 103
Area G,C LIT 107
Area G,C LIT 113
Area G,C LIT 114
Area G,C LIT 115
Area G,C LIT 122A
Area G,C LIT 122B
Area G,C LIT 126
Area G,C LIT 128A
Area G,C LIT 130
Area G,C LIT 133
Area G,C LIT 153
Area G,C LIT 153B
Area G,C LIT 154
Area G,C LIT 154I
Area G,C LIT 161
Area G,C LIT 170
Area G,C LIT 171
Area G,C LIT 175A
Area G,C LIT 179A
Area G,C LIT 179B
Area G,C LIT 179C
Area G,C LIT 183
Area G,C LIT 184C
Area G,C LIT 186AD
Area G,C LIT 186EE
Area G,C LIT 186G
Area G,C LIT 187
Area G,C LIT 188
Area G,C LIT 189
Area G,C LIT 191
Area G,CH ST 152
Area G,CH ST 180
Area G,CH ST 180H
Area G,CH ST 181
Area G,CH ST 184A
Area G,CHIN 80
Area G,CHIN 82
Area G,CHIN 124A
Area G,CHIN 132A
Area G,CHIN 148
Area G,CHIN W 80
Area G,CLASS 20A
Area G,CLASS 36
Area G,CLASS 39
Area G,CLASS 40
Area G,CLASS 55
Area G,CLASS 102
Area G,CLASS 109
Area G,CLASS 110
Area G,CLASS 130
Area G,CLASS 175
Area G,ENGL 15
Area G,ENGL 15SH
Area G,ENGL 22
Area G,ENGL 23
Area G,ENGL 24
Area G,ENGL 25
Area G,ENGL 34NA
Area G,ENGL 38A
Area G,ENGL 38B
Area G,ENGL 39
Area G,ENGL 50
Area G,ENGL 65AA
Area G,ENGL 65AC
Area G,ENGL 65AN
Area G,ENGL 65BB
Area G,ENGL 65BP
Area G,ENGL 65EM
Area G,ENGL 65FM
Area G,ENGL 65GL
Area G,ENGL 65HS
Area G,ENGL 65IC
Area G,ENGL 65IW
Area G,ENGL 65LC
Area G,ENGL 65LE
Area G,ENGL 65LP
Area G,ENGL 65LV
Area G,ENGL 65MM
Area G,ENGL 65PM
Area G,ENGL 65PW
Area G,ENGL 65SN
Area G,ENGL 65SS
Area G,ENGL 65TW
Area G,ENGL 65WW
Area G,ENGL 101
Area G,ENGL 102BA
Area G,ENGL 103A
Area G,ENGL 103B
Area G,ENGL 103WT
Area G,ENGL 104A
Area G,ENGL 104B
Area G,ENGL 105A
Area G,ENGL 105B
Area G,ENGL 113LC
Area G,ENGL 113MI
Area G,ENGL 113PS
Area G,ENGL 114AA
Area G,ENGL 114AF
Area G,ENGL 114BW
Area G,ENGL 114EM
Area G,ENGL 114FE
Area G,ENGL 114GT
Area G,ENGL 114I
Area G,ENGL 114MW
Area G,ENGL 114PC
Area G,ENGL 114RW
Area G,ENGL 114TN
Area G,ENGL 114WB
Area G,ENGL 114WC
Area G,ENGL 114WR
Area G,ENGL 115
Area G,ENGL 116A
Area G,ENGL 116B
Area G,ENGL 119
Area G,ENGL 119X
Area G,ENGL 120
Area G,ENGL 121
Area G,ENGL 122AA
Area G,ENGL 122AP
Area G,ENGL 122BC
Area G,ENGL 122BH
Area G,ENGL 122CC
Area G,ENGL 122CD
Area G,ENGL 122CF
Area G,ENGL 122CL
Area G,ENGL 122CM
Area G,ENGL 122CR
Area G,ENGL 122CS
Area G,ENGL 122CU
Area G,ENGL 122EA
Area G,ENGL 122EC
Area G,ENGL 122EE
Area G,ENGL 122EN
Area G,ENGL 122FC
Area G,ENGL 122FE
Area G,ENGL 122FR
Area G,ENGL 122GW
Area G,ENGL 122IL
Area G,ENGL 122LE
Area G,ENGL 122LJ
Area G,ENGL 122MD
Area G,ENGL 122ME
Area G,ENGL 122MM
Area G,ENGL 122NE
Area G,ENGL 122NR
Area G,ENGL 122NW
Area G,ENGL 122PW
Area G,ENGL 122RC
Area G,ENGL 122RE
Area G,ENGL 122RH
Area G,ENGL 122RM
Area G,ENGL 122RS
Area G,ENGL 122RT
Area G,ENGL 122RW
Area G,ENGL 122RX
Area G,ENGL 122SA
Area G,ENGL 122SN
Area G,ENGL 122SR
Area G,ENGL 122SW
Area G,ENGL 122UE
Area G,ENGL 122UK
Area G,ENGL 122UM
Area G,ENGL 122WE
Area G,ENGL 124
Area G,ENGL 126B
Area G,ENGL 128AA
Area G,ENGL 128AF
Area G,ENGL 128AN
Area G,ENGL 128AU
Area G,ENGL 128CM
Area G,ENGL 128CO
Area G,ENGL 128CP
Area G,ENGL 128ED
Area G,ENGL 128EN
Area G,ENGL 128FT
Area G,ENGL 128GN
Area G,ENGL 128ML
Area G,ENGL 128MM
Area G,ENGL 128NA
Area G,ENGL 128NE
Area G,ENGL 128PH
Area G,ENGL 128PM
Area G,ENGL 128PT
Area G,ENGL 128RM
Area G,ENGL 128RT
Area G,ENGL 128SA
Area G,ENGL 128SC
Area G,ENGL 128SN
Area G,ENGL 128SS
Area G,ENGL 128T
Area G,ENGL 128TR
Area G,ENGL 128ZZ
Area G,ENGL 131AR
Area G,ENGL 131AW
Area G,ENGL 131BR
Area G,ENGL 131GT
Area G,ENGL 131HF
Area G,ENGL 131IS
Area G,ENGL 131NS
Area G,ENGL 131SI
Area G,ENGL 131ZZ
Area G,ENGL 133BB
Area G,ENGL 133CL
Area G,ENGL 133GC
Area G,ENGL 133GP
Area G,ENGL 133MV
Area G,ENGL 133PL
Area G,ENGL 133SA
Area G,ENGL 133SO
Area G,ENGL 133TL
Area G,ENGL 134AA
Area G,ENGL 134AD
Area G,ENGL 134AL
Area G,ENGL 134BB
Area G,ENGL 134BL
Area G,ENGL 134CA
Area G,ENGL 134CI
Area G,ENGL 134CR
Area G,ENGL 134FC
Area G,ENGL 134IA 20C
Area G,ENGL 134IB
Area G,ENGL 134IR
Area G,ENGL 134LC
Area G,ENGL 134LI
Area G,ENGL 134LL
Area G,ENGL 134MD
Area G,ENGL 134MP
Area G,ENGL 134NA
Area G,ENGL 134NM
Area G,ENGL 134PC
Area G,ENGL 134RJ
Area G,ENGL 134RR
Area G,ENGL 134RS
Area G,ENGL 134TC
Area G,ENGL 134TR
Area G,ENGL 134XX
Area G,ENGL 136
Area G,ENGL 137A
Area G,ENGL 137B
Area G,ENGL 141MC
Area G,ENGL 150
Area G,ENGL 152A
Area G,ENGL 156
Area G,ENGL 157
Area G,ENGL 162
Area G,ENGL 165AA
Area G,ENGL 165AC
Area G,ENGL 165AD
Area G,ENGL 165AE
Area G,ENGL 165AM
Area G,ENGL 165AN
Area G,ENGL 165AR
Area G,ENGL 165AS
Area G,ENGL 165AT
Area G,ENGL 165BA
Area G,ENGL 165BB
Area G,ENGL 165BW
Area G,ENGL 165CB
Area G,ENGL 165CC
Area G,ENGL 165CD
Area G,ENGL 165CI
Area G,ENGL 165CL
Area G,ENGL 165CP
Area G,ENGL 165CT
Area G,ENGL 165CY
Area G,ENGL 165DD
Area G,ENGL 165DL
Area G,ENGL 165DP
Area G,ENGL 165EB
Area G,ENGL 165EE
Area G,ENGL 165EF
Area G,ENGL 165EM
Area G,ENGL 165EN
Area G,ENGL 165EW
Area G,ENGL 165FF
Area G,ENGL 165FL
Area G,ENGL 165FS
Area G,ENGL 165GL
Area G,ENGL 165GN
Area G,ENGL 165GS
Area G,ENGL 165HE
Area G,ENGL 165HN
Area G,ENGL 165HR
Area G,ENGL 165HS
Area G,ENGL 165IB
Area G,ENGL 165IF
Area G,ENGL 165JT
Area G,ENGL 165JW
Area G,ENGL 165LA
Area G,ENGL 165LB
Area G,ENGL 165LE
Area G,ENGL 165LF
Area G,ENGL 165LG
Area G,ENGL 165LP
Area G,ENGL 165LR
Area G,ENGL 165LV
Area G,ENGL 165LW
Area G,ENGL 165LY
Area G,ENGL 165MA
Area G,ENGL 165MC
Area G,ENGL 165MI
Area G,ENGL 165ML
Area G,ENGL 165MM
Area G,ENGL 165MP
Area G,ENGL 165MT
Area G,ENGL 165NA
Area G,ENGL 165NC
Area G,ENGL 165NG
Area G,ENGL 165NT
Area G,ENGL 165NV
Area G,ENGL 165PC
Area G,ENGL 165PH
Area G,ENGL 165PL
Area G,ENGL 165PM
Area G,ENGL 165PP
Area G,ENGL 165PR
Area G,ENGL 165RC
Area G,ENGL 165RD
Area G,ENGL 165RL
Area G,ENGL 165RP
Area G,ENGL 165RR
Area G,ENGL 165RS
Area G,ENGL 165ST
Area G,ENGL 165TL
Area G,ENGL 165TP
Area G,ENGL 165TR
Area G,ENGL 165VP
Area G,ENGL 165WD
Area G,ENGL 165WH
Area G,ENGL 165WN
Area G,ENGL 165WT
Area G,ENGL 165XX
Area G,ENGL 170BL
Area G,ENGL 170CD
Area G,ENGL 170CM
Area G,ENGL 170IC
Area G,ENGL 170IM
Area G,ENGL 170LM
Area G,ENGL 170MB
Area G,ENGL 170MT
Area G,ENGL 170NV
Area G,ENGL 170SB
Area G,ENGL 170TL
Area G,ENGL 172
Area G,ENGL 179
Area G,ENGL 180
Area G,ENGL 181AL
Area G,ENGL 181LV
Area G,ENGL 181MT
Area G,ENGL 184
Area G,ENGL 185
Area G,ENGL 187AA
Area G,ENGL 187AG
Area G,ENGL 187BA
Area G,ENGL 187BB
Area G,ENGL 187BP
Area G,ENGL 187EL
Area G,ENGL 187FM
Area G,ENGL 187IL
Area G,ENGL 187LJ
Area G,ENGL 187LL
Area G,ENGL 187ML
Area G,ENGL 187MT
Area G,ENGL 187SM
Area G,ENGL 187TD
Area G,ENGL 187TM
Area G,ENGL 187US
Area G,ENGL 187VW
Area G,ENGL 187WW
Area G,ENGL 189
Area G,ENGL 190AL
Area G,ENGL 190CA
Area G,ENGL 190GL
Area G,ENGL 190SA
Area G,ENGL 190WL
Area G,ENGL 191
Area G,ENGL 192CR
Area G,ENGL 192DF
Area G,ENGL 192EF
Area G,ENGL 192FE
Area G,ENGL 192SC
Area G,ENGL 192SF
Area G,ENGL 192SS
Area G,ENGL 192WW
Area G,ENGL 193
Area G,ENV S 122CC
Area G,ENV S 122LE
Area G,ENV S 122NE
Area G,ENV S 160
Area G,FEMST 40
Area G,FEMST 40H
Area G,FEMST 171CN
Area G,FR 34
Area G,FR 101A
Area G,FR 101B
Area G,FR 101C
Area G,FR 147A
Area G,FR 147B
Area G,FR 148C
Area G,FR 148E
Area G,FR 149C
Area G,FR 149D
Area G,FR 149E
Area G,FR 153A
Area G,FR 153B
Area G,FR 153C
Area G,FR 153D
Area G,FR 153F
Area G,FR 154A
Area G,FR 154D
Area G,FR 154E
Area G,FR 154F
Area G,FR 154G
Area G,FR 154I
Area G,FR 154J
Area G,FR 155A
Area G,FR 155B
Area G,FR 155C
Area G,FR 155D
Area G,FR 156C
Area G,FR 189
Area G,GER 115A
Area G,GER 115B
Area G,GER 115C
Area G,GER 116A
Area G,GER 143
Area G,GER 151C
Area G,GER 164E
Area G,GER 164F
Area G,GER 164G
Area G,GER 177A
Area G,GER 179A
Area G,GER 179B
Area G,GER 179C
Area G,GER 187
Area G,GREEK 100
Area G,GREEK 101
Area G,HEB 114A
Area G,HEB 114B
Area G,HEB 114C
Area G,INT 35LT
Area G,ITAL 101
Area G,ITAL 102
Area G,ITAL 111
Area G,ITAL 114X
Area G,ITAL 126A
Area G,ITAL 126AA
Area G,ITAL 126BB
Area G,ITAL 126DD
Area G,ITAL 126EE
Area G,ITAL 138A
Area G,ITAL 142X
Area G,ITAL 179X
Area G,JAPAN 80
Area G,JAPAN 112
Area G,JAPAN 115 20TH
Area G,KOR 113
Area G,LAIS 102
Area G,LAIS 102S
Area G,LAIS 174
Area G,LATIN 100
Area G,LATIN 101
Area G,MUS 187
Area G,PORT 31
Area G,PORT 105
Area G,PORT 115A
Area G,PORT 115AA
Area G,PORT 115B
Area G,PORT 115BB
Area G,PORT 115ED
Area G,PORT 115EE
Area G,PORT 115EO
Area G,PORT 116
Area G,RG ST 114X
Area G,RG ST 115G
Area G,RG ST 129
Area G,RG ST 133D
Area G,RG ST 133E
Area G,RG ST 157CP
Area G,RG ST 157PP
Area G,RG ST 179B
Area G,SLAV 35
Area G,SLAV 117F
Area G,SLAV 117G
Area G,SLAV 117H
Area G,SLAV 123A 19TH
Area G,SLAV 123B 19TH
Area G,SLAV 123C 20TH-C
Area G,SLAV 123D 20TH-C
Area G,SLAV 151C
Area G,SLAV 164B
Area G,SLAV 164C
Area G,SLAV 175A
Area G,SLAV 187
Area G,SPAN 30
Area G,SPAN 31
Area G,SPAN 108
Area G,SPAN 120A
Area G,SPAN 120B
Area G,SPAN 131
Area G,SPAN 135
Area G,SPAN 137A
Area G,SPAN 137B
Area G,SPAN 138
Area G,SPAN 139
Area G,SPAN 140A
Area G,SPAN 140B
Area G,SPAN 142
Area G,SPAN 166
Area G,SPAN 166E
Area G,SPAN 174
Area G,SPAN 179
Area G,SPAN 181
Area G,SPAN 181E
Ethnicity,ANTH 148A
Ethnicity,ARTHI 121D
Ethnicity,AS AM 1
Ethnicity,AS AM 2
Ethnicity,AS AM 3
Ethnicity,AS AM 4
Ethnicity,AS AM 5
Ethnicity,AS AM 7
Ethnicity,AS AM 8
Ethnicity,AS AM 9
Ethnicity,AS AM 71
Ethnicity,AS AM 100AA
Ethnicity,AS AM 100BB
Ethnicity,AS AM 100CC
Ethnicity,AS AM 100DD
Ethnicity,AS AM 100FF
Ethnicity,AS AM 107
Ethnicity,AS AM 109
Ethnicity,AS AM 111
Ethnicity,AS AM 113
Ethnicity,AS AM 118
Ethnicity,AS AM 119
Ethnicity,AS AM 120
Ethnicity,AS AM 121
Ethnicity,AS AM 124
Ethnicity,AS AM 125
Ethnicity,AS AM 127
Ethnicity,AS AM 130
Ethnicity,AS AM 131
Ethnicity,AS AM 136
Ethnicity,AS AM 137
Ethnicity,AS AM 138
Ethnicity,AS AM 140
Ethnicity,AS AM 146
Ethnicity,AS AM 148
Ethnicity,AS AM 149
Ethnicity,AS AM 154
Ethnicity,AS AM 155
Ethnicity,AS AM 156
Ethnicity,AS AM 157
Ethnicity,AS AM 160
Ethnicity,AS AM 161
Ethnicity,AS AM 162
Ethnicity,AS AM 165
Ethnicity,AS AM 170KK
Ethnicity,AS AMW 1
Ethnicity,BL ST 1
Ethnicity,BL ST 1H
Ethnicity,BL ST 4
Ethnicity,BL ST 6
Ethnicity,BL ST 6H
Ethnicity,BL ST 14
Ethnicity,BL ST 15
Ethnicity,BL ST 38A
Ethnicity,BL ST 38B
Ethnicity,BL ST 50
Ethnicity,BL ST 102
Ethnicity,BL ST 103
Ethnicity,BL ST 108
Ethnicity,BL ST 122
Ethnicity,BL ST 127
Ethnicity,BL ST 129
Ethnicity,BL ST 131
Ethnicity,BL ST 137E
Ethnicity,BL ST 142
Ethnicity,BL ST 160
Ethnicity,BL ST 169BR
Ethnicity,BL ST 169CR
Ethnicity,BL ST 170
Ethnicity,BL ST 172
Ethnicity,C LIT 29
Ethnicity,C LIT 130
Ethnicity,C LIT 153
Ethnicity,C LIT 184A
Ethnicity,CH ST 1A
Ethnicity,CH ST 1B
Ethnicity,CH ST 1C
Ethnicity,CH ST 124G
Ethnicity,CH ST 125B
Ethnicity,CH ST 137
Ethnicity,CH ST 138
Ethnicity,CH ST 139
Ethnicity,CH ST 140
Ethnicity,CH ST 144
Ethnicity,CH ST 148
Ethnicity,CH ST 151
Ethnicity,CH ST 152
Ethnicity,CH ST 168A
Ethnicity,CH ST 168B
Ethnicity,CH ST 168E
Ethnicity,CH ST 168F
Ethnicity,CH ST 171
Ethnicity,CH ST 172
Ethnicity,CH ST 173
Ethnicity,CH ST 174
Ethnicity,CH ST 175
Ethnicity,CH ST 178A
Ethnicity,CH ST 180
Ethnicity,CH ST 180H
Ethnicity,CH ST 181
Ethnicity,CH ST 184A
Ethnicity,CH ST 187
Ethnicity,CH ST 188C
Ethnicity,CH ST 189
Ethnicity,CH STW 1B
Ethnicity,EACS 140
Ethnicity,ENGL 38A
Ethnicity,ENGL 38B
Ethnicity,ENGL 39
Ethnicity,ENGL 50
Ethnicity,ENGL 114BW
Ethnicity,ENGL 134AA
Ethnicity,ENGL 134AD
Ethnicity,ENGL 134AL
Ethnicity,ENGL 134BB
Ethnicity,ENGL 134BL
Ethnicity,ENGL 134CA
Ethnicity,ENGL 134CI
Ethnicity,ENGL 134CR
Ethnicity,ENGL 134FC
Ethnicity,ENGL 134IA 20C
Ethnicity,ENGL 134IB
Ethnicity,ENGL 134IR
Ethnicity,ENGL 134LC
Ethnicity,ENGL 134LI
Ethnicity,ENGL 134MD
Ethnicity,ENGL 134MP
Ethnicity,ENGL 134NA
Ethnicity,ENGL 134NM
Ethnicity,ENGL 134PC
Ethnicity,ENGL 134RJ
Ethnicity,ENGL 134RR
Ethnicity,ENGL 134RS
Ethnicity,ENGL 134TC
Ethnicity,ENGL 134TR
Ethnicity,ENGL 134XX
Ethnicity,ENGL 187AA
Ethnicity,ENGL 191
Ethnicity,ENV S 189
Ethnicity,FAMST 127
Ethnicity,FEMST 60
Ethnicity,FEMST 60H
Ethnicity,FEMST 142
Ethnicity,FEMST 153
Ethnicity,HIST 11A
Ethnicity,HIST 144B
Ethnicity,HIST 144C
Ethnicity,HIST 144J
Ethnicity,HIST 144W
Ethnicity,HIST 160A
Ethnicity,HIST 160B
Ethnicity,HIST 161A
Ethnicity,HIST 161B
Ethnicity,HIST 164IA
Ethnicity,HIST 164IB
Ethnicity,HIST 168A
Ethnicity,HIST 168B
Ethnicity,HIST 168E
Ethnicity,HIST 168M
Ethnicity,HIST 168N
Ethnicity,HIST 179A
Ethnicity,HIST 179B
Ethnicity,LING 36
Ethnicity,LING 136
Ethnicity,LING 180
Ethnicity,LING 187
Ethnicity,POL S 160
Ethnicity,POL S 161
Ethnicity,RG ST 14
Ethnicity,RG ST 61
Ethnicity,RG ST 62
Ethnicity,RG ST 71
Ethnicity,RG ST 110D
Ethnicity,RG ST 123
Ethnicity,RG ST 124G
Ethnicity,RG ST 131F
Ethnicity,RG ST 133B
Ethnicity,RG ST 133D
Ethnicity,RG ST 140E
Ethnicity,RG ST 157I
Ethnicity,RG ST 193
Ethnicity,SOC 128
Ethnicity,SOC 139A
Ethnicity,SOC 144
Ethnicity,SOC 153
Ethnicity,SOC 154F
Ethnicity,SOC 155M
Ethnicity,SOC 155W
Ethnicity,SPAN 16A
Ethnicity,SPAN 16B
Ethnicity,SPAN 109
Ethnicity,SPAN 135
Ethnicity,SPAN 139
Ethnicity,SPAN 179
Ethnicity,THTR 180E
Ethnicity,THTR 180F
Ethnicity,THTR 180G
Ethnicity,THTR 184AA
Euro Trad,ARTHI 6A
Euro Trad,ARTHI 6B
Euro Trad,ARTHI 6C
Euro Trad,ARTHI 6M
Euro Trad,ARTHI 136K 20TH
Euro Trad,ARTHI 136L
Euro Trad,ARTHI 141G
Euro Trad,ARTHIW 6R
Euro Trad,C LIT 30A
Euro Trad,C LIT 30B
Euro Trad,C LIT 30C
Euro Trad,C LIT 50
Euro Trad,C LIT 50A
Euro Trad,C LIT 50B
Euro Trad,C LIT 50C
Euro Trad,C LIT 114
Euro Trad,C LIT 134
Euro Trad,C LIT 186FL
Euro Trad,CLASS 20A
Euro Trad,CLASS 20B
Euro Trad,CLASS 36
Euro Trad,CLASS 39
Euro Trad,CLASS 40
Euro Trad,CLASS 50
Euro Trad,CLASS 55
Euro Trad,CLASS 60
Euro Trad,CLASS 101
Euro Trad,CLASS 102
Euro Trad,CLASS 106
Euro Trad,CLASS 109
Euro Trad,CLASS 110
Euro Trad,CLASS 130
Euro Trad,CLASS 140
Euro Trad,CLASS 150
Euro Trad,CLASS 152
Euro Trad,CLASS 165
Euro Trad,CLASS 170
Euro Trad,CLASS 171
Euro Trad,CLASS 175
Euro Trad,ENGL 22
Euro Trad,FR 50AX
Euro Trad,FR 50BX
Euro Trad,FR 50CX
Euro Trad,GER 109AA
Euro Trad,GER 109MA
Euro Trad,GER 111
Euro Trad,GER 112
Euro Trad,GREEK 100
Euro Trad,GREEK 101
Euro Trad,HIST 2A
Euro Trad,HIST 2AH
Euro Trad,HIST 2B
Euro Trad,HIST 2BH
Euro Trad,HIST 2C
Euro Trad,HIST 2CH
Euro Trad,HIST 4A
Euro Trad,HIST 4AH
Euro Trad,HIST 4B
Euro Trad,HIST 4BH
Euro Trad,HIST 4C
Euro Trad,HIST 4CH
Euro Trad,HIST 117C
Euro Trad,HIST 121A
Euro Trad,HIST 133D
Euro Trad,HIST 140A
Euro Trad,HIST 140B
Euro Trad,HIST W 121A
Euro Trad,INT 35LT
Euro Trad,ITAL 114X
Euro Trad,ITAL 120X
Euro Trad,ITAL 139CX
Euro Trad,ITAL 139DX
Euro Trad,ITAL 139EX
Euro Trad,ITAL 139FX
Euro Trad,ITAL 139GX
Euro Trad,ITAL 139HX
Euro Trad,ITAL 139IX
Euro Trad,ITAL 139TX
Euro Trad,ITAL 139YX
Euro Trad,ITAL 139ZX
Euro Trad,ITAL 189X
Euro Trad,LATIN 100
Euro Trad,LATIN 101
Euro Trad,LING 30
Euro Trad,MUS 10A
Euro Trad,MUS 10B
Euro Trad,MUS 10C
Euro Trad,PHIL 20A
Euro Trad,PHIL 20B
Euro Trad,PHIL 20C
Euro Trad,RG ST 25
Euro Trad,RG ST 80A
Euro Trad,RG ST 80B
Euro Trad,RG ST 80C
Euro Trad,SLAV 35
Euro Trad,THTR 2C
Euro Trad,THTR 8
Quant Relationships,ASTRO 1
Quant Relationships,ASTRO 2
Quant Relationships,ASTROW 1
Quant Relationships,C LIT 152
Quant Relationships,CHEM 1A
Quant Relationships,CHEM 1AL
Quant Relationships,CHEM 2A
Quant Relationships,CHEM 2AC
Quant Relationships,CHEM 25
Quant Relationships,CMPSC 5A
Quant Relationships,CMPSC 5B
Quant Relationships,CMPSC 8
Quant Relationships,CMPSCW 8
Quant Relationships,COMM 87
Quant Relationships,EARTH 1
Quant Relationships,EARTH 2
Quant Relationships,EARTH 4
Quant Relationships,EARTH 7
Quant Relationships,EARTH 9
Quant Relationships,EARTH 10
Quant Relationships,EARTH 11
Quant Relationships,EARTH 20
Quant Relationships,EARTH 123
Quant Relationships,EARTH 130
Quant Relationships,EARTHW 20
Quant Relationships,ENV S 115
Quant Relationships,GEOG 8
Quant Relationships,GEOG W 8
Quant Relationships,GER 152
Quant Relationships,LING 185
Quant Relationships,MATH 2A
Quant Relationships,MATH 2B
Quant Relationships,MATH 3A
Quant Relationships,MATH 3B
Quant Relationships,MATH 34A
Quant Relationships,MATH 34B
Quant Relationships,PHYS 1
Quant Relationships,PHYS 2
Quant Relationships,PHYS 3
Quant Relationships,PHYS 3L
Quant Relationships,PHYS 4
Quant Relationships,PHYS 4L
Quant Relationships,PHYS 5
Quant Relationships,PHYS 5L
Quant Relationships,PHYS 6A
Quant Relationships,PHYS 6AL
Quant Relationships,PHYS 6B
Quant Relationships,PHYS 6BL
Quant Relationships,PHYS 6C
Quant Relationships,PHYS 6CL
Quant Relationships,PHYS 10
Quant Relationships,PHYS 21
Quant Relationships,PSTAT 5A
Quant Relationships,PSTAT 5LS
Quant Relationships,SHS 121
Writing,ANTH 3
Writing,ANTH 25
Writing,ANTH 116A
Writing,ANTH 116B
Writing,ANTH 135
Writing,ANTH 138TS
Writing,ANTH 141
Writing,ANTH 143
Writing,ANTH 169
Writing,ANTH 172
Writing,ANTH 176
Writing,ART 1A
Writing,ART 179C
Writing,ARTHI 5A
Writing,ARTHI 6A
Writing,ARTHI 6B
Writing,ARTHI 6C
Writing,ARTHI 6DL
Writing,ARTHI 6DS
Writing,ARTHI 6DW
Writing,ARTHI 6F
Writing,ARTHI 6G
Writing,ARTHI 6H
Writing,ARTHI 6K
Writing,ARTHI 6L
Writing,ARTHI 6M
Writing,ARTHI 121E
Writing,ARTHI 186B
Writing,ARTHI 186D
Writing,ARTHI 186E
Writing,ARTHI 186F
Writing,ARTHI 186G
Writing,ARTHI 186H
Writing,ARTHI 186J
Writing,ARTHI 186K
Writing,ARTHI 186N
Writing,ARTHI 186P
Writing,ARTHI 186Q
Writing,ARTHI 186R
Writing,ARTHI 186RS
Writing,ARTHI 186RW
Writing,ARTHI 186T
Writing,ARTHI 186V
Writing,ARTHI 186Y
Writing,ARTHI 187B
Writing,ARTHI 187H
Writing,ARTHI 187Z
Writing,ARTHIW 6R
Writing,AS AM 4
Writing,AS AM 79
Writing,AS AM 100BB
Writing,AS AM 100FF
Writing,AS AM 111
Writing,AS AM 121
Writing,AS AM 122
Writing,AS AM 128
Writing,AS AM 131
Writing,AS AM 134
Writing,AS AM 136
Writing,AS AM 137
Writing,AS AM 161
Writing,BL ST 1
Writing,BL ST 1H
Writing,BL ST 5
Writing,BL ST 6
Writing,BL ST 6H
Writing,BL ST 7
Writing,BL ST 14
Writing,BL ST 33
Writing,BL ST 38A
Writing,BL ST 38B
Writing,BL ST 45
Writing,BL ST 49A
Writing,BL ST 49B
Writing,BL ST 49C
Writing,BL ST 50
Writing,BL ST 102
Writing,BL ST 103
Writing,BL ST 104
Writing,BL ST 124
Writing,BL ST 125
Writing,BL ST 126
Writing,BL ST 127
Writing,BL ST 129
Writing,BL ST 130A
Writing,BL ST 131
Writing,BL ST 137E
Writing,BL ST 153
Writing,BL ST 160
Writing,BL ST 162
Writing,BL ST 169BR
Writing,BL ST 169CR
Writing,BL ST 170
Writing,BL ST 171
Writing,BL ST 172
Writing,BL ST 174
Writing,C LIT 28
Writing,C LIT 29
Writing,C LIT 30A
Writing,C LIT 30B
Writing,C LIT 30C
Writing,C LIT 31
Writing,C LIT 32
Writing,C LIT 33
Writing,C LIT 34
Writing,C LIT 35
Writing,C LIT 36
Writing,C LIT 43A
Writing,C LIT 50
Writing,C LIT 50A
Writing,C LIT 50C
Writing,C LIT 82
Writing,C LIT 100
Writing,C LIT 103
Writing,C LIT 107
Writing,C LIT 113
Writing,C LIT 114
Writing,C LIT 115
Writing,C LIT 119
Writing,C LIT 122A
Writing,C LIT 122B
Writing,C LIT 126
Writing,C LIT 128A
Writing,C LIT 130
Writing,C LIT 133
Writing,C LIT 134
Writing,C LIT 153
Writing,C LIT 153B
Writing,C LIT 154
Writing,C LIT 154I
Writing,C LIT 161
Writing,C LIT 170
Writing,C LIT 171
Writing,C LIT 175A
Writing,C LIT 179A
Writing,C LIT 179B
Writing,C LIT 179C
Writing,C LIT 181A
Writing,C LIT 181B
Writing,C LIT 185
Writing,C LIT 186EE
Writing,C LIT 186FL
Writing,C LIT 186G
Writing,C LIT 186IR
Writing,C LIT 186RR
Writing,C LIT 187
Writing,C LIT 189
Writing,C LIT 190A
Writing,CH ST 1A
Writing,CH ST 1B
Writing,CH ST 1C
Writing,CH ST 144
Writing,CH ST 152
Writing,CH ST 172
Writing,CH ST 175
Writing,CH ST 179
Writing,CH ST 180
Writing,CH ST 180H
Writing,CH ST 181
Writing,CH ST 184A
Writing,CH ST 187
Writing,CH STW 1B
Writing,CHIN 40
Writing,CHIN 48
Writing,CHIN 82
Writing,CHIN 124A
Writing,CHIN 132A
Writing,CHIN 170
Writing,CHIN 185A
Writing,CHIN 185B
Writing,CLASS 39
Writing,CLASS 55
Writing,CLASS 102
Writing,CLASS 106
Writing,CLASS 109
Writing,CLASS 110
Writing,CLASS 171
Writing,CLASS 175
Writing,CNCSP 101
Writing,COMM 1
Writing,COMM 130
Writing,COMM 137
Writing,COMM 153
Writing,DANCE 36
Writing,DANCE 145B
Writing,DANCEW 36
Writing,EACS 3
Writing,EACS 4A
Writing,EACS 4B
Writing,EACS 5
Writing,EACS 21
Writing,EACS 80
Writing,EARTH 6
Writing,EARTH 104A
Writing,EARTH 104B
Writing,EARTH 117
Writing,EARTH 123
Writing,EARTH 130
Writing,ECON 107A
Writing,ECON 117A
Writing,ED 20
Writing,EEMB 134
Writing,EEMB 135
Writing,EEMB 138
Writing,EEMB 142BL
Writing,EEMB 142CL
Writing,EEMB 179
Writing,ENGL 15
Writing,ENGL 18
Writing,ENGL 25
Writing,ENGL 36
Writing,ENGL 38A
Writing,ENGL 38B
Writing,ENGL 50
Writing,ENGL 65AA
Writing,ENGL 65AC
Writing,ENGL 65AN
Writing,ENGL 65BB
Writing,ENGL 65BP
Writing,ENGL 65EM
Writing,ENGL 65FM
Writing,ENGL 65GL
Writing,ENGL 65HS
Writing,ENGL 65IC
Writing,ENGL 65IW
Writing,ENGL 65LC
Writing,ENGL 65LE
Writing,ENGL 65LP
Writing,ENGL 65LV
Writing,ENGL 65MM
Writing,ENGL 65PM
Writing,ENGL 65PW
Writing,ENGL 65SN
Writing,ENGL 65SS
Writing,ENGL 65TW
Writing,ENGL 65WW
Writing,ENGL 102BA
Writing,ENGL 103A
Writing,ENGL 103B
Writing,ENGL 103WT
Writing,ENGL 104A
Writing,ENGL 104B
Writing,ENGL 105A
Writing,ENGL 105B
Writing,ENGL 113LC
Writing,ENGL 113MI
Writing,ENGL 113PS
Writing,ENGL 114AA
Writing,ENGL 114AF
Writing,ENGL 114BW
Writing,ENGL 114EM
Writing,ENGL 114FE
Writing,ENGL 114GT
Writing,ENGL 114I
Writing,ENGL 114MW
Writing,ENGL 114PC
Writing,ENGL 114RW
Writing,ENGL 114TN
Writing,ENGL 114WB
Writing,ENGL 114WC
Writing,ENGL 114WR
Writing,ENGL 115
Writing,ENGL 116A
Writing,ENGL 116B
Writing,ENGL 119
Writing,ENGL 119X
Writing,ENGL 120
Writing,ENGL 121
Writing,ENGL 122AA
Writing,ENGL 122AP
Writing,ENGL 122BC
Writing,ENGL 122BH
Writing,ENGL 122CC
Writing,ENGL 122CD
Writing,ENGL 122CF
Writing,ENGL 122CL
Writing,ENGL 122CM
Writing,ENGL 122CR
Writing,ENGL 122CS
Writing,ENGL 122CU
Writing,ENGL 122EA
Writing,ENGL 122EC
Writing,ENGL 122EE
Writing,ENGL 122EN
Writing,ENGL 122FC
Writing,ENGL 122FE
Writing,ENGL 122FR
Writing,ENGL 122GW
Writing,ENGL 122IL
Writing,ENGL 122LE
Writing,ENGL 122LJ
Writing,ENGL 122MD
Writing,ENGL 122ME
Writing,ENGL 122MM
Writing,ENGL 122NE
Writing,ENGL 122NR
Writing,ENGL 122NW
Writing,ENGL 122PW
Writing,ENGL 122RC
Writing,ENGL 122RE
Writing,ENGL 122RH
Writing,ENGL 122RM
Writing,ENGL 122RS
Writing,ENGL 122RT
Writing,ENGL 122RW
Writing,ENGL 122RX
Writing,ENGL 122SA
Writing,ENGL 122SN
Writing,ENGL 122SR
Writing,ENGL 122SW
Writing,ENGL 122UE
Writing,ENGL 122UK
Writing,ENGL 122UM
Writing,ENGL 122WE
Writing,ENGL 124
Writing,ENGL 126B
Writing,ENGL 128AA
Writing,ENGL 128AF
Writing,ENGL 128AN
Writing,ENGL 128AU
Writing,ENGL 128CM
Writing,ENGL 128CO
Writing,ENGL 128CP
Writing,ENGL 128ED
Writing,ENGL 128EN
Writing,ENGL 128FT
Writing,ENGL 128GN
Writing,ENGL 128ML
Writing,ENGL 128MM
Writing,ENGL 128NA
Writing,ENGL 128NE
Writing,ENGL 128PH
Writing,ENGL 128PM
Writing,ENGL 128PT
Writing,ENGL 128RM
Writing,ENGL 128RT
Writing,ENGL 128SA
Writing,ENGL 128SC
Writing,ENGL 128SN
Writing,ENGL 128SS
Writing,ENGL 128T
Writing,ENGL 128TR
Writing,ENGL 128ZZ
Writing,ENGL 131AR
Writing,ENGL 131AW
Writing,ENGL 131BR
Writing,ENGL 131GT
Writing,ENGL 131HF
Writing,ENGL 131IS
Writing,ENGL 131NS
Writing,ENGL 131SI
Writing,ENGL 131ZZ
Writing,ENGL 133BB
Writing,ENGL 133CL
Writing,ENGL 133GC
Writing,ENGL 133GP
Writing,ENGL 133MV
Writing,ENGL 133PL
Writing,ENGL 133SA
Writing,ENGL 133SO
Writing,ENGL 133TL
Writing,ENGL 134AA
Writing,ENGL 134AD
Writing,ENGL 134AL
Writing,ENGL 134BB
Writing,ENGL 134BL
Writing,ENGL 134CA
Writing,ENGL 134CI
Writing,ENGL 134CR
Writing,ENGL 134FC
Writing,ENGL 134IA
Writing,ENGL 134IB
Writing,ENGL 134IR
Writing,ENGL 134LC
Writing,ENGL 134LI
Writing,ENGL 134LL
Writing,ENGL 134MD
Writing,ENGL 134MP
Writing,ENGL 134NA
Writing,ENGL 134NM
Writing,ENGL 134PC
Writing,ENGL 134RJ
Writing,ENGL 134RR
Writing,ENGL 134RS
Writing,ENGL 134TC
Writing,ENGL 134TR
Writing,ENGL 134XX
Writing,ENGL 137A
Writing,ENGL 137B
Writing,ENGL 141MC
Writing,ENGL 150
Writing,ENGL 152A
Writing,ENGL 156
Writing,ENGL 157
Writing,ENGL 162
Writing,ENGL 165AAERATUR
Writing,ENGL 165ACERATUR
Writing,ENGL 165AD
Writing,ENGL 165AE
Writing,ENGL 165AMERATUR
Writing,ENGL 165ANERATUR
Writing,ENGL 165ARERATUR
Writing,ENGL 165ASERATUR
Writing,ENGL 165ATERATUR
Writing,ENGL 165BAERATUR
Writing,ENGL 165BBERATUR
Writing,ENGL 165BWERATUR
Writing,ENGL 165CBERATUR
Writing,ENGL 165CCERATUR
Writing,ENGL 165CDERATUR
Writing,ENGL 165CIERATUR
Writing,ENGL 165CLERATUR
Writing,ENGL 165CPERATUR
Writing,ENGL 165CT
Writing,ENGL 165CYERATUR
Writing,ENGL 165DDERATUR
Writing,ENGL 165DLERATUR
Writing,ENGL 165DPERATUR
Writing,ENGL 165EBERATUR
Writing,ENGL 165EEERATUR
Writing,ENGL 165EFERATUR
Writing,ENGL 165EM
Writing,ENGL 165ENERATUR
Writing,ENGL 165EWERATUR
Writing,ENGL 165FFERATUR
Writing,ENGL 165FLERATUR
Writing,ENGL 165FSERATUR
Writing,ENGL 165GLERATUR
Writing,ENGL 165GN
Writing,ENGL 165GSERATUR
Writing,ENGL 165HEERATUR
Writing,ENGL 165HNERATUR
Writing,ENGL 165HRERATUR
Writing,ENGL 165HSERATUR
Writing,ENGL 165IBERATUR
Writing,ENGL 165IFERATUR
Writing,ENGL 165JTERATUR
Writing,ENGL 165JW
Writing,ENGL 165LAERATUR
Writing,ENGL 165LBERATUR
Writing,ENGL 165LEERATUR
Writing,ENGL 165LFERATUR
Writing,ENGL 165LGERATUR
Writing,ENGL 165LP
Writing,ENGL 165LRERATUR
Writing,ENGL 165LVERATUR
Writing,ENGL 165LWERATUR
Writing,ENGL 165LYERATUR
Writing,ENGL 165MAERATUR
Writing,ENGL 165MCERATUR
Writing,ENGL 165MI
Writing,ENGL 165MLERATUR
Writing,ENGL 165MMERATUR
Writing,ENGL 165MPERATUR
Writing,ENGL 165MTERATUR
Writing,ENGL 165NAERATUR
Writing,ENGL 165NC
Writing,ENGL 165NG
Writing,ENGL 165NTERATUR
Writing,ENGL 165NVERATUR
Writing,ENGL 165PCERATUR
Writing,ENGL 165PHERATUR
Writing,ENGL 165PL
Writing,ENGL 165PMERATUR
Writing,ENGL 165PP
Writing,ENGL 165PRERATUR
Writing,ENGL 165RCERATUR
Writing,ENGL 165RDERATUR
Writing,ENGL 165RLERATUR
Writing,ENGL 165RP
Writing,ENGL 165RR
Writing,ENGL 165RSERATUR
Writing,ENGL 165STERATUR
Writing,ENGL 165TLERATUR
Writing,ENGL 165TPERATUR
Writing,ENGL 165TRERATUR
Writing,ENGL 165VPERATUR
Writing,ENGL 165WDERATUR
Writing,ENGL 165WHERATUR
Writing,ENGL 165WNERATUR
Writing,ENGL 165WTERATUR
Writing,ENGL 165XXERATUR
Writing,ENGL 170BL
Writing,ENGL 170CD
Writing,ENGL 170CM
Writing,ENGL 170IC
Writing,ENGL 170IM
Writing,ENGL 170LM
Writing,ENGL 170MB
Writing,ENGL 170MT
Writing,ENGL 170NV
Writing,ENGL 170SB
Writing,ENGL 170TL
Writing,ENGL 171LE
Writing,ENGL 171NH
Writing,ENGL 172
Writing,ENGL 179
Writing,ENGL 180
Writing,ENGL 181AL
Writing,ENGL 181LV
Writing,ENGL 181MT
Writing,ENGL 184
Writing,ENGL 185
Writing,ENGL 187AA
Writing,ENGL 187AG
Writing,ENGL 187BA
Writing,ENGL 187BB
Writing,ENGL 187BP
Writing,ENGL 187EL
Writing,ENGL 187FM
Writing,ENGL 187IL
Writing,ENGL 187LJ
Writing,ENGL 187LL
Writing,ENGL 187ML
Writing,ENGL 187MT
Writing,ENGL 187SM
Writing,ENGL 187TD
Writing,ENGL 187TM
Writing,ENGL 187US
Writing,ENGL 187VW
Writing,ENGL 187WW
Writing,ENGL 189
Writing,ENGL 190AL
Writing,ENGL 190CA
Writing,ENGL 190GL
Writing,ENGL 190SA
Writing,ENGL 190WL
Writing,ENGL 191
Writing,ENGL 192CR
Writing,ENGL 192DF
Writing,ENGL 192EF
Writing,ENGL 192FE
Writing,ENGL 192SC
Writing,ENGL 192SF
Writing,ENGL 192SS
Writing,ENGL 192WW
Writing,ENGL 193
Writing,ENV S 1
Writing,ENV S 2
Writing,ENV S 3
Writing,ENV S 110
Writing,ENV S 122CC
Writing,ENV S 122LE
Writing,ENV S 122NE
Writing,ENV S 143
Writing,ENV S 146
Writing,ENV S 160
Writing,ENV S 161
Writing,ENV S 189
Writing,FAMST 46
Writing,FAMST 55BE
Writing,FAMST 55CY
Writing,FAMST 55DD
Writing,FAMST 55QM
Writing,FAMST 56FR
Writing,FAMST 56MR
Writing,FAMST 56ZM
Writing,FAMST 101A
Writing,FAMST 101B
Writing,FAMST 101C
Writing,FAMST 120
Writing,FAMST 122AA
Writing,FAMST 122AC
Writing,FAMST 122AD
Writing,FAMST 122AE
Writing,FAMST 122AG
Writing,FAMST 122AR
Writing,FAMST 122AU
Writing,FAMST 122AZ
Writing,FAMST 122CA
Writing,FAMST 122CN
Writing,FAMST 122CU
Writing,FAMST 122EA
Writing,FAMST 122EC
Writing,FAMST 122EU
Writing,FAMST 122FF
Writing,FAMST 122FI
Writing,FAMST 122FL
Writing,FAMST 122FR
Writing,FAMST 122HE
Writing,FAMST 122HK
Writing,FAMST 122HU
Writing,FAMST 122IC
Writing,FAMST 122IM
Writing,FAMST 122IN
Writing,FAMST 122IT
Writing,FAMST 122JA
Writing,FAMST 122KO
Writing,FAMST 122MC
Writing,FAMST 122ME
Writing,FAMST 122NA
Writing,FAMST 122NG
Writing,FAMST 122NI
Writing,FAMST 122PC
Writing,FAMST 122RA
Writing,FAMST 122TH
Writing,FAMST 122TN
Writing,FAMST 122WN
Writing,FAMST 123
Writing,FAMST 124
Writing,FAMST 126
Writing,FAMST 127
Writing,FAMST 127M
Writing,FAMST 134
Writing,FAMST 144
Writing,FAMST 163
Writing,FEMST 20
Writing,FEMST 20H
Writing,FEMST 30
Writing,FEMST 30H
Writing,FEMST 40
Writing,FEMST 40H
Writing,FEMST 50
Writing,FEMST 50H
Writing,FEMST 60
Writing,FEMST 60H
Writing,FEMST 80
Writing,FEMST 80H
Writing,FEMST 117C
Writing,FEMST 142
Writing,FEMST 150
Writing,FEMST 150H
Writing,FEMST 153
Writing,FEMST 154A
Writing,FEMST 159B
Writing,FEMST 159C
Writing,FEMST 162
Writing,FEMST 171CN
Writing,FEMSTW 20
Writing,FEMSTW 150
Writing,FR 34
Writing,FR 50AX
Writing,FR 50CX
Writing,FR 147A
Writing,FR 147B
Writing,FR 148C
Writing,FR 148E
Writing,FR 149C
Writing,FR 149D
Writing,FR 149E
Writing,FR 153A
Writing,FR 153B
Writing,FR 153C
Writing,FR 153F
Writing,FR 154A
Writing,FR 154D
Writing,FR 154E
Writing,FR 154F
Writing,FR 154G
Writing,FR 154I
Writing,FR 155A
Writing,FR 155C
Writing,FR 155D
Writing,FR 156A
Writing,FR 156C
Writing,FR 156D
Writing,FR 189
Writing,GEOG 8
Writing,GEOG 140
Writing,GEOG 148
Writing,GEOG W 8
Writing,GER 35
Writing,GER 43A
Writing,GER 43C
Writing,GER 55A
Writing,GER 111
Writing,GER 112
Writing,GER 115A
Writing,GER 115B
Writing,GER 115C
Writing,GER 116A
Writing,GER 143
Writing,GER 151C
Writing,GER 164E
Writing,GER 164F
Writing,GER 164G
Writing,GER 164H
Writing,GER 177A
Writing,GER 179A
Writing,GER 179B
Writing,GER 179C
Writing,GER 183
Writing,GER 185
Writing,GER 187
Writing,GLOBL 180A
Writing,HEB 114A
Writing,HEB 114B
Writing,HEB 114C
Writing,HIST 2A
Writing,HIST 2AH
Writing,HIST 2B
Writing,HIST 2BH
Writing,HIST 2C
Writing,HIST 2CH
Writing,HIST 4A
Writing,HIST 4AH
Writing,HIST 4B
Writing,HIST 4BH
Writing,HIST 4C
Writing,HIST 4CH
Writing,HIST 5
Writing,HIST 7
Writing,HIST 8
Writing,HIST 11A
Writing,HIST 17A
Writing,HIST 17AH
Writing,HIST 17B
Writing,HIST 17BH
Writing,HIST 17C
Writing,HIST 17CH
Writing,HIST 20
Writing,HIST 22
Writing,HIST 25
Writing,HIST 46A
Writing,HIST 46B
Writing,HIST 49A
Writing,HIST 49B
Writing,HIST 49C
Writing,HIST 56
Writing,HIST 74
Writing,HIST 80
Writing,HIST 87
Writing,HIST 88
Writing,HIST 104G
Writing,HIST 106A
Writing,HIST 106B
Writing,HIST 106C
Writing,HIST 114B
Writing,HIST 114C
Writing,HIST 117A
Writing,HIST 117C
Writing,HIST 121A
Writing,HIST 123A
Writing,HIST 123B
Writing,HIST 123C
Writing,HIST 140A
Writing,HIST 140B
Writing,HIST 144B
Writing,HIST 144C
Writing,HIST 144J
Writing,HIST 144W
Writing,HIST 155A
Writing,HIST 156A
Writing,HIST 156B
Writing,HIST 157A
Writing,HIST 157B
Writing,HIST 159B
Writing,HIST 159C
Writing,HIST 164C
Writing,HIST 164IA
Writing,HIST 164IB
Writing,HIST 167CA
Writing,HIST 167CB
Writing,HIST 168M
Writing,HIST 168N
Writing,HIST 171C
Writing,HIST 171D
Writing,HIST 172A
Writing,HIST 172B
Writing,HIST 179A
Writing,HIST 182A
Writing,HIST 182B
Writing,HIST 184A
Writing,HIST 184B
Writing,HIST 185A
Writing,HIST 185B
Writing,HIST 187A
Writing,HIST 187B
Writing,HIST 187C
Writing,HIST 188S
Writing,HIST 189E
Writing,HIST W 17B
Writing,HIST W 80
Writing,HIST W 121A
Writing,INT 35HD
Writing,INT 36BH
Writing,INT 36CC
Writing,INT 36DL
Writing,INT 36GS
Writing,INT 36IA
Writing,INT 36KX
Writing,INT 36LH
Writing,INT 36MM
Writing,INT 36TS
Writing,INT 37UD
Writing,INT 137EV
Writing,INT 137MK
Writing,INT 137RP
Writing,INT 137RS
Writing,INT 137RV
Writing,INT 137TH
Writing,ITAL 114X
Writing,ITAL 138A
Writing,ITAL 142X
Writing,ITAL 161X
Writing,JAPAN 25
Writing,JAPAN 80
Writing,JAPAN 112
Writing,JAPAN 159
Writing,JAPAN 162
Writing,JAPAN 165
Writing,JAPAN 167A
Writing,KOR 182A
Writing,KOR 182B
Writing,LAIS 10
Writing,LAIS 100
Writing,LAIS 100S
Writing,LAIS 101
Writing,LAIS 101S
Writing,LAIS 102
Writing,LAIS 102S
Writing,LAIS 156A
Writing,LING 30
Writing,LING 70
Writing,LING 113
Writing,LING 131
Writing,LING 132
Writing,LING 136
Writing,LING 137
Writing,LING 138
Writing,LING 170
Writing,LING 180
Writing,LING 187
Writing,MATRL 10
Writing,MCDB 149
Writing,MS 27
Writing,MUS 3A
Writing,MUS 3B
Writing,MUS 10A
Writing,MUS 10B
Writing,MUS 10C
Writing,MUS 15
Writing,MUS 16
Writing,MUS 113A
Writing,MUS 114
Writing,MUS 115
Writing,MUS 116
Writing,MUS 118A
Writing,MUS 119A
Writing,MUS 175E
Writing,MUS 175F
Writing,MUS 175G
Writing,MUS 187
Writing,PHIL 1
Writing,PHIL 4
Writing,PHIL 7
Writing,PHIL 20A
Writing,PHIL 20B
Writing,PHIL 20C
Writing,PHIL 100A
Writing,PHIL 100B
Writing,PHIL 100C
Writing,PHIL 100D
Writing,PHIL 100E
Writing,PHIL 100F
Writing,PHIL 112
Writing,PHYS 128AL
Writing,PHYS 128BL
Writing,POL S 1
Writing,POL S 7
Writing,POL S 12
Writing,POL S 114
Writing,POL S 121
Writing,POL S 127
Writing,POL S 145
Writing,POL S 155
Writing,POL SW 121
Writing,PORT 125A
Writing,PORT 125B
Writing,PSY 10A
Writing,PSY 90A
Writing,PSY 90B
Writing,PSY 90C
Writing,PSY 111L
Writing,PSY 117L
Writing,PSY 118L
Writing,PSY 120L
Writing,PSY 129L
Writing,PSY 138L
Writing,PSY 150L
Writing,PSY 155L
Writing,RG ST 1
Writing,RG ST 3
Writing,RG ST 4
Writing,RG ST 5
Writing,RG ST 7
Writing,RG ST 14
Writing,RG ST 19
Writing,RG ST 21
Writing,RG ST 30
Writing,RG ST 35
Writing,RG ST 48
Writing,RG ST 80A
Writing,RG ST 80B
Writing,RG ST 80C
Writing,RG ST 82
Writing,RG ST 84
Writing,RG ST 106
Writing,RG ST 110D
Writing,RG ST 114X
Writing,RG ST 116A
Writing,RG ST 123
Writing,RG ST 126
Writing,RG ST 127B
Writing,RG ST 130
Writing,RG ST 131F
Writing,RG ST 131J
Writing,RG ST 133C
Writing,RG ST 133D
Writing,RG ST 138B
Writing,RG ST 140A
Writing,RG ST 140B
Writing,RG ST 140C
Writing,RG ST 141
Writing,RG ST 141A
Writing,RG ST 145
Writing,RG ST 147
Writing,RG ST 151A
Writing,RG ST 151B
Writing,RG ST 152
Writing,RG ST 157B
Writing,RG ST 157G
Writing,RG ST 158E
Writing,RG ST 158F
Writing,RG ST 167A
Writing,RG ST 179B
Writing,RG ST 193
Writing,SHS 50
Writing,SLAV 35
Writing,SLAV 117G
Writing,SLAV 117H
Writing,SLAV 151C
Writing,SLAV 152A
Writing,SLAV 152B
Writing,SLAV 152C
Writing,SLAV 164B
Writing,SLAV 164C
Writing,SLAV 175A
Writing,SLAV 181A
Writing,SLAV 181B
Writing,SLAV 187
Writing,SOC 128
Writing,SOC 130LA
Writing,SOC 130ME
Writing,SOC 134
Writing,SOC 134RC
Writing,SOC 144
Writing,SOC 153
Writing,SOC 154A
Writing,SOC 154F
Writing,SOC 155M
Writing,SOC 156A
Writing,SOC 170
Writing,SOC 176A
Writing,SPAN 16A
Writing,SPAN 16B
Writing,SPAN 25
Writing,SPAN 106
Writing,SPAN 107
Writing,SPAN 108
Writing,SPAN 120A
Writing,SPAN 120B
Writing,SPAN 135
Writing,SPAN 142
Writing,SPAN 178
Writing,SPAN 179
Writing,SPAN 181
Writing,SPAN 181E
Writing,THTR 1
Writing,THTR 2B
Writing,THTR 2C
Writing,THTR 3
Writing,THTR 7
Writing,THTR 8
Writing,THTR 9
Writing,THTR 91
Writing,THTR 180A
Writing,THTR 180B
Writing,THTR 180C
Writing,THTR 180E
Writing,THTR 180G
Writing,THTR 182A
Writing,THTR 182M
Writing,THTR 182MC
Writing,THTR 182N
Writing,THTR 182RM
Writing,THTR 184AA
Writing,THTR 184CA
Writing,THTR 185TH
Writing,THTR 188S
Writing,THTR W 2B
Writing,WRIT 18
Writing,WRIT 24
World Cult,ANTH 3
World Cult,ANTH 3SS
World Cult,ANTH 25
World Cult,ANTH 110
World Cult,ANTH 131
World Cult,ANTH 134
World Cult,ANTH 135
World Cult,ANTH 137
World Cult,ANTH 138TS
World Cult,ANTH 141
World Cult,ANTH 142
World Cult,ANTH 156
World Cult,ANTH 176
World Cult,ANTH 176TS
World Cult,ANTH 2
World Cult,ARTHI 6DL
World Cult,ARTHI 6DS
World Cult,ARTHI 6DW
World Cult,ARTHI 6E
World Cult,ARTHI 6H
World Cult,ARTHI 6K
World Cult,ARTHI 123D
World Cult,ARTHI 123E
World Cult,ARTHI 127A
World Cult,ARTHI 127B
World Cult,ARTHI 130A
World Cult,ARTHI 130B
World Cult,ARTHI 130D
World Cult,ARTHI 132A
World Cult,ARTHI 134A
World Cult,ARTHI 134B
World Cult,ARTHI 134C
World Cult,ARTHI 134D
World Cult,ARTHI 134E
World Cult,ARTHI 134F
World Cult,ARTHI 134G
World Cult,ARTHI 134H
World Cult,ARTHI 136J
World Cult,ARTHI 136V
World Cult,BL ST 3
World Cult,BL ST 5
World Cult,BL ST 7
World Cult,BL ST 33
World Cult,BL ST 49A
World Cult,BL ST 49B
World Cult,BL ST 49C
World Cult,BL ST 104
World Cult,BL ST 126
World Cult,BL ST 130A
World Cult,BL ST 130B
World Cult,BL ST 161
World Cult,BL ST 162
World Cult,BL ST 171
World Cult,BL ST 175
World Cult,C LIT 31
World Cult,C LIT 32
World Cult,C LIT 33
World Cult,C LIT 36
World Cult,C LIT 82
World Cult,C LIT 115
World Cult,C LIT 126
World Cult,C LIT 171
World Cult,C LIT 175A
World Cult,C LIT 184C
World Cult,CH ST 13
World Cult,CH ST 113
World Cult,CHIN 32
World Cult,CHIN 40
World Cult,CHIN 48
World Cult,CHIN 82
World Cult,CHIN 124A
World Cult,CHIN 132A
World Cult,CHIN 134D
World Cult,CHIN 148
World Cult,CHIN 170
World Cult,CHIN 176
World Cult,CHIN 183B
World Cult,CHIN 185A
World Cult,CHIN 185B
World Cult,DANCE 35
World Cult,EACS 3
World Cult,EACS 4A
World Cult,EACS 4B
World Cult,EACS 5
World Cult,EACS 7
World Cult,EACS 21
World Cult,EACS 40
World Cult,EACS 80
World Cult,EACS 103A
World Cult,EACS 103B
World Cult,EACS 103C
World Cult,EACS 128
World Cult,EACS 134A
World Cult,EACS 156A
World Cult,ENGL 24
World Cult,ENGL 36
World Cult,ENGL 141MC
World Cult,ENV S 130A
World Cult,ENV S 130B
World Cult,FAMST 120
World Cult,FAMST 121
World Cult,FAMST 124V
World Cult,FEMST 30
World Cult,FEMST 30H
World Cult,FR 151G
World Cult,FR 154G
World Cult,FR 154L
World Cult,GEOG 2
World Cult,GLOBL 1
World Cult,HIST 25
World Cult,HIST 46A
World Cult,HIST 46B
World Cult,HIST 49A
World Cult,HIST 49B
World Cult,HIST 49C
World Cult,HIST 56
World Cult,HIST 80
World Cult,HIST 87
World Cult,HIST 88
World Cult,HIST 146
World Cult,HIST 146T
World Cult,HIST 146W
World Cult,HIST 156A
World Cult,HIST 156B
World Cult,HIST 182A
World Cult,HIST 182B
World Cult,HIST 184A
World Cult,HIST 184B
World Cult,HIST 185A
World Cult,HIST 185B
World Cult,HIST 187A
World Cult,HIST 187B
World Cult,HIST 187C
World Cult,HIST 188S
World Cult,HIST 189E
World Cult,HIST W 80
World Cult,JAPAN 17
World Cult,JAPAN 25
World Cult,JAPAN 63
World Cult,JAPAN 80
World Cult,JAPAN 112
World Cult,JAPAN 115 20TH
World Cult,JAPAN 149
World Cult,JAPAN 159
World Cult,JAPAN 162
World Cult,JAPAN 164
World Cult,JAPAN 165
World Cult,KOR 113
World Cult,KOR 182A
World Cult,KOR 182B
World Cult,LAIS 10
World Cult,LAIS 100
World Cult,LAIS 100S
World Cult,LAIS 156A
World Cult,LING 80
World Cult,MES 45
World Cult,MUS 175E
World Cult,MUS 175F
World Cult,MUS 175G
World Cult,MUS 175I
World Cult,RG ST 3
World Cult,RG ST 4
World Cult,RG ST 6
World Cult,RG ST 19
World Cult,RG ST 20
World Cult,RG ST 21
World Cult,RG ST 31
World Cult,RG ST 32
World Cult,RG ST 48
World Cult,RG ST 82
World Cult,RG ST 84
World Cult,RG ST 115G
World Cult,RG ST 128
World Cult,RG ST 129
World Cult,RG ST 131H
World Cult,RG ST 133C
World Cult,RG ST 133E
World Cult,RG ST 138B
World Cult,RG ST 140A
World Cult,RG ST 140B
World Cult,RG ST 140C
World Cult,RG ST 140D
World Cult,RG ST 140F
World Cult,RG ST 149R
World Cult,RG ST 156A
World Cult,RG ST 157CP
World Cult,RG ST 157G
World Cult,RG ST 157PP
World Cult,RG ST 160A
World Cult,RG ST 162A
World Cult,RG ST 162J
World Cult,RG ST 169
World Cult,RG ST 183B
World Cult,RG ST 185
World Cult,SLAV 175A
World Cult,SOC 130ME
World Cult,SPAN 106
World Cult,SPAN 177
World Cult,SPAN 178
World Cult,SPAN 181
World Cult,SPAN 181E
World Cult,THTR 2A
World Cult,THTR 2B
World Cult,THTR 184CA
World Cult,THTR W 2B
AHI,ANTH 131
AHI,ARTHI 121A
AHI,ARTHI 121B
AHI,ARTHI 121C
AHI,ARTHI 121E 3-D
AHI,ARTHI 136H
AHI,AS AM 1
AHI,AS AM 2
AHI,AS AMW 1
AHI,BL ST 1
AHI,BL ST 1H
AHI,BL ST 6
AHI,BL ST 6H
AHI,BL ST 103
AHI,BL ST 137E
AHI,BL ST 169BR
AHI,BL ST 169CR
AHI,C LIT 133
AHI,CH ST 1A
AHI,CH ST 1B
AHI,CH ST 1C
AHI,CH ST 144
AHI,CH ST 168A
AHI,CH ST 168B
AHI,CH ST 174
AHI,CH ST 188C
AHI,CH STW 1B
AHI,ENGL 133BB
AHI,ENGL 133CL
AHI,ENGL 133GC
AHI,ENGL 133GP
AHI,ENGL 133MV
AHI,ENGL 133PL
AHI,ENGL 133SA
AHI,ENGL 133SO
AHI,ENGL 133TL
AHI,ENGL 134AA
AHI,ENGL 134AD
AHI,ENGL 134AL
AHI,ENGL 134BB
AHI,ENGL 134BL
AHI,ENGL 134CI
AHI,ENGL 134CR
AHI,ENGL 134FC
AHI,ENGL 134IA 20C
AHI,ENGL 134IB
AHI,ENGL 134IR
AHI,ENGL 134LC
AHI,ENGL 134LI
AHI,ENGL 134LL
AHI,ENGL 134MD
AHI,ENGL 134MP
AHI,ENGL 134NA
AHI,ENGL 134NM
AHI,ENGL 134PC
AHI,ENGL 134RJ
AHI,ENGL 134RR
AHI,ENGL 134RS
AHI,ENGL 134TC
AHI,ENGL 134TR
AHI,ENGL 134XX
AHI,ENGL 137A
AHI,ENGL 137B
AHI,ENGL 191
AHI,ENV S 173
AHI,FEMST 159B
AHI,FEMST 159C
AHI,HIST 11A
AHI,HIST 17A
AHI,HIST 17AH
AHI,HIST 17B
AHI,HIST 17BH
AHI,HIST 17C
AHI,HIST 17CH
AHI,HIST 105A
AHI,HIST 142AL
AHI,HIST 142S
AHI,HIST 159B
AHI,HIST 159C
AHI,HIST 160A
AHI,HIST 160B
AHI,HIST 161A
AHI,HIST 161B
AHI,HIST 164C
AHI,HIST 164IA
AHI,HIST 164IB
AHI,HIST 165
AHI,HIST 166A
AHI,HIST 166B
AHI,HIST 166C
AHI,HIST 166D
AHI,HIST 166LB
AHI,HIST 168A
AHI,HIST 168B
AHI,HIST 168C
AHI,HIST 168D
AHI,HIST 168M
AHI,HIST 168N
AHI,HIST 169M
AHI,HIST 172A
AHI,HIST 172B
AHI,HIST 173T
AHI,HIST 175A
AHI,HIST 175B
AHI,HIST 176A
AHI,HIST 176B
AHI,HIST 177
AHI,HIST 178A
AHI,HIST 178B
AHI,HIST 179A
AHI,HIST 179B
AHI,HIST W 17B
AHI,MS 27
AHI,POL S 12
AHI,POL S 127
AHI,POL S 151
AHI,POL S 152
AHI,POL S 153
AHI,POL S 155
AHI,POL S 157
AHI,POL S 162
AHI,POL S 165
AHI,POL S 180
AHI,POL S 185
AHI,RG ST 7
AHI,RG ST 14
AHI,RG ST 151A
AHI,RG ST 151B
AHI,RG ST 152
AHI,SOC 144
AHI,THTR 180A
AHI,THTR 180B
